,srcSpeed,srcAPS,srcGyroValue,srcRPM,srcTPS,srcMAF,srcEngineLoad,Diagnose
0,97,29.80392,2.699305467,2909.25,23.137255,12.1575,41.66666675,P0171
1,101.6785714,25.532213,0.12370014,3010.946429,22.43697536,12.62607143,46.63865596,P0171
2,91.08333333,25.22875833,0.284128478,2734.0625,19.77124183,6.920833333,28.85620975,P0171
3,0,15.72984678,-0.10977232,786.9444444,15.555556,1.803333333,26.36165578,P0171
4,87.69230769,22.01106105,0.023264887,2050.685897,18.14982456,4.770512821,25.62091515,P0171
5,84.14285714,22.85714279,1.058271868,2512.267857,19.97198914,7.573571429,31.288515,P0171
6,33.85714286,0,0.16147236,1910.107143,34.67787229,12.01714286,48.34733971,P0171
7,13.08333333,0,8.117025955,1252.75,25.19607883,6.45,42.22222225,P0171
8,32,0,6.037545681,1557.5,28.62745,0,24.705883,P0171
9,16.2,0,-0.526443028,1516.266667,27.58169993,8.526666667,50.74509807,P0171
10,26.41666667,0,0.060664031,1450.020833,28.39869283,7.429166667,45.29411725,P0171
11,72.5,0,-0.056358196,1772.25,28.82352975,6.1575,34.8039225,P0171
12,27.6,0,-0.014169393,902.7625,20.3137254,2.9935,26.33333335,P0171
13,0,0,0.175146629,814.9166667,19.607843,1.793333333,16.60130767,P0171
14,13.33333333,0,-0.330213143,1514,35.64270211,7.565555556,53.59477156,P0171
15,17,0,0.363871038,1716.75,26.8627455,4.895,33.43137275,P0171
16,34.66666667,0,1.808166544,1385.25,23.13725633,3.326666667,24.836601,P0171
17,10.43478261,0,-0.212057181,1077.418478,24.67178276,3.770869565,32.83034957,P0171
18,0,0,-1.300534479,1038.75,20.9803925,2.73,20.49019625,P0171
19,18.9047619,0,0.426517256,1530.869048,25.88235305,6.968095238,44.81792671,P0171
20,19.91666667,0,0.60941373,1547.541667,25.68627458,6.952916667,43.97058767,P0171
21,29,0,0.087377854,1697.96875,29.11764775,6.1375,41.66666725,P0171
22,8.238095238,0,0.435249395,1108.5,23.60410786,4.603333333,37.92717114,P0171
23,19,0,-0.033361882,2113.5,49.411766,0,60.65359333,P0171
24,74.3,0,-0.131891904,1827.15,28.7058824,7.554,51.647058,P0171
25,0,0,-0.304358282,773.40625,13.77451029,2.74375,33.48039238,P0171
26,31.96296296,0,0.374955679,1272.138889,24.13943319,4.923703704,39.86928041,P0171
27,0,0,-0.060305163,702.453125,17.15686263,1.59375,27.107843,P0171
28,0,0,0.219681576,1078.5,0,0,0,P0171
29,10.83333333,0,2.981661439,753.2916667,13.20261433,1.815,39.08496667,P0171
30,0,0,4.482110242,654.5,6.535947667,0.753333333,22.74509667,P0171
31,18.09090909,0,2.846146221,1641.045455,26.91622109,6.448181818,56.57754018,P0171
32,77.88888889,0,0.730955801,1914.555556,24.05228867,6.08,43.61655733,P0171
33,29.33333333,0,-1.139773409,1239.5,6.535947667,1.156666667,19.60784267,P0171
34,19,0,7.323465824,1617.875,8.823529,4.54,23.921568,P0171
35,21.25,0,7.129986271,1128.25,11.56862725,1.52,16.078431,P0171
36,27,0,-0.356801321,1463,7.843137,1.43,25.88235333,P0171
37,0,0,-0.029534275,800.5833333,6.535947667,0.983333333,24.05228833,P0171
38,69,0,3.961172342,1673.5,0,0,0,P0171
39,34,0,0.327898696,1978.75,17.0588225,4.605,41.568627,P0171
40,77.48648649,0,0.173904777,2011.905405,36.54477989,10.47405405,65.44780059,P0171
41,13.75,0,1.031382238,1114.21875,14.85294113,2.5275,37.3529405,P0171
42,0,0,0.205418269,812.75,0,0,23.26797467,P0171
43,39.42857143,0,0.333277688,1936.142857,24.36974643,6.437142857,49.91596643,P0171
44,0,0,0.667001759,645.25,13.07189533,1.446666667,26.92810533,P0171
45,33.72727273,0,0.198441958,1207.045455,17.93226373,3.507272727,35.25846682,P0171
46,20,0,0.634107918,758.75,0,0,14.90196,P0171
47,1.2,0,-2.502632356,678.7,11.7647058,1.446,26.745098,P0171
48,19.35714286,0,2.927420709,1173.607143,19.24369764,2.99,29.32773079,P0171
49,0,0,0.211219677,975.9285714,12.10084029,2.785714286,24.42576971,P0171
50,30.5,0,14.88036351,1808.25,18.235295,5.035,46.76470675,P0171
51,20.26315789,0,3.306615178,1289.197368,21.15583079,4.062631579,37.79153768,P0171
52,28,0,3.098318577,731.375,9.8039215,1.1,23.137255,P0171
53,0,0,0.613432417,659.65625,14.70588225,1.6925,29.01960712,P0171
54,30,0,0.070337892,1357,0,0,0,P0171
55,0,0,0.18228896,838.2,11.5294122,1.332,20.7058824,P0171
56,12.66666667,0,4.963333423,1252.875,18.235294,3.606666667,28.88888875,P0171
57,0,0,0.168758361,927.1309524,16.17180243,5.57952381,44.55648967,P0171
58,0,0,0.060588987,0,9.946524273,0,0,P0171
59,0,0,-0.134524535,0,10.28657638,0,0,P0171
60,0,0,0.017761066,1569.184783,23.529412,3.802173913,20.11935215,P0171
61,0,0,0.005046542,936.797619,18.82353,2.074761905,35.05135324,P0171
62,0,0,0.533170576,0,4.183006667,0,0,P0171
63,0,0,-0.749503538,735.3125,12.941176,0,16.86274475,P0171
64,0,0,0,761,13.725491,0,20.3921568,P0171
65,0,0,-0.241349332,0,8.104575333,0,0,P0171
66,0,0,0,714.6333333,11.45098007,0,28.07843133,P0171
67,0,0,0,690.75,0,0,0,P0171
68,0,0,0,685.25,0,0,0,P0171
69,0,0,-0.188700058,0,0,0,0,P0171
70,0,0,-0.346793125,1109.75,0,0,24.31372667,P0171
71,0,0,0.001418222,1102.516304,13.83631707,0,35.56692222,P0171
73,0,0,0.390952918,701.5833333,10.15250544,0,23.485839,P0171
74,0,0,0.318946251,426.2386364,10.98039214,0,18.91265605,P0171
75,0,0,-0.762278059,788.671875,17.64705938,0.45375,36.78921506,P0171
76,0,0,0.017375629,817.3166667,13.72549,2.568666667,30.57516367,P0171
77,0,0,0.065352267,1026.039474,11.35190947,0,20.82559332,P0171
78,0,0,0.04922569,759.5403226,11.97975987,0,15.44592023,P0171
79,0,0,-0.019913118,704,6.27451,0,19.9999995,P0171
80,0,0,2.542064875,942.25,18.82353,0,37.0588225,P0171
81,0,0,0.763380149,918.1982759,18.90466593,1.546551724,39.82420517,P0171
82,0,0,-0.076849533,704.725,18.82353,0.847,30.3921565,P0171
83,0,0,-1.165372812,809.25,18.82353,0,26.89075714,P0171
84,0,0,0.611271088,0,19.215687,0,0,P0171
85,0,0,0,711.25,0,0,0,P0171
86,0,0,0,684,4.313725333,0,24.05228667,P0171
87,0,0,0,711,10.5490193,0,23.2941177,P0171
88,0,0,0,1084.513158,13.76677021,0,39.27760611,P0171
89,0,0,0.079968469,916.75,18.82353,0,38.56209167,P0171
90,0,0,0,1020.017857,12.32492993,0,33.44537779,P0171
91,0,0,0,732,5.3333332,0,22.5882352,P0171
92,0,0,0,0,8.104575333,0,0,P0171
93,0,0,0.036630265,0,12.156863,0,0,P0171
94,0,0,0,692.25,7.9999998,0,22.5882352,P0171
95,0,0,0,697.5,0,0,22.745098,P0171
96,0,0,-0.059319284,0,12.156863,0,0,P0171
97,0,0,0,703.25,0,0,14.509804,P0171
98,0,0,0,713.25,0,0,0,P0171
99,0,0,0,691,0,0,0,P0171
100,0,0,0.069286238,0,21.17647,0,0,P0171
101,0,0,0,1076.75,0,0,28.23529333,P0171
102,0,0,0,695.15,7.9215686,0,25.2549024,P0171
103,0,0,0,887,0,0,0,P0171
104,0,0,0,922,12.57918544,0,33.73554551,P0171
105,0,0,0,817.0283019,12.28264887,0,28.68664447,P0171
106,0,0,0,697,0,0,25.620916,P0171
107,0,0,0,700.3928571,5.938375571,0,32.99719957,P0171
108,9.761904762,0,0.224620008,1063.059524,12.45564905,4.382857143,32.34360414,P0171
109,0,0,-0.061435772,377.0294118,12.91810859,0,11.90311394,P0171
110,0,0,0,1250,0,0,0,P0171
111,0,0,0,1110.369048,14.4351079,0,46.62931867,P0171
112,0,0,0.299272131,747.5,11.764706,1.79,27.0588225,P0171
113,0,0,0.073902954,842.6,15.686275,0,44.31372507,P0171
114,0,0,-2.169610818,1106.25,14.117647,0,25.35947667,P0171
115,22.42105263,0,-0.629574713,1443.355263,12.44582037,4.02,25.53147537,P0171
116,63,0,1.485505104,2395.583333,15.6209145,8.716666667,25.03268017,P0171
117,0,0,-0.28169596,1121.4,13.4901962,4.44,28.941176,P0171
118,0,0,-0.428576064,0,12.941176,0,0,P0171
119,0,0,0,1104.117647,13.86389894,0,43.92156865,P0171
120,0,0,0.980775606,712.25,18.82353,0,0,P0171
121,0,0,0.841564185,0,12.941176,0,0,P0171
122,0,0,-0.163729693,0,13.333333,0,0,P0171
123,23.93333333,0,0.198290498,921.0666667,25.1764702,6.848,60.836601,P0171
125,0,0,-0.645130172,1051,19.215687,0,31.59663686,P0171
126,0,0,-1.082620404,0,12.941176,0,0,P0171
127,0,0,0,1163.961538,13.99698385,0,43.89140246,P0171
128,0,0,0.536061538,0,12.941176,0,0,P0171
129,0,0,0.02849031,0,13.10924329,0,0,P0171
130,0,0,0.451227838,0,13.333333,0,0,P0171
131,0,0,0.242393087,0,13.333333,0,0,P0171
132,0,0,0.009483848,0,13.23529375,0,0,P0171
133,0,0,-0.314810678,0,13.333333,0,0,P0171
134,0,0,-0.304637967,0,12.941176,0,0,P0171
135,0,0,-0.447813369,0,13.333333,0,0,P0171
136,0,0,-0.67369582,799,16.078432,0.782857143,24.20168057,P0171
137,0,0,0,1113.946429,15.09803986,0,47.19888029,P0171
138,0,0,-0.229453563,0,13.333333,0,0,P0171
139,0,0,0.297115026,0,13.333333,0,0,P0171
140,0,0,-0.365155363,0,13.333333,0,0,P0171
141,0,0,1.01167394,0,13.333333,0,0,P0171
142,0,0,-0.325873808,0,12.941176,0,0,P0171
143,0,0,-0.164274553,746.6666667,11.764706,2.672222222,33.42048,P0171
144,0,0,0,1239,7.8431375,0,29.41176525,P0171
145,17.04761905,0,-0.07663005,1419.619048,17.31092438,9.23952381,35.33146624,P0171
146,0,0,0.189081354,0,13.333333,0,0,P0171
147,0,0,-0.979763807,0,13.333333,0,0,P0171
148,0,0,0.048522631,947,15.686275,0,25.54621714,P0171
149,0,0,-0.005939596,970.765,15.70196128,1.828,24.3607842,P0171
150,32.25,0,-0.154609713,1654.5125,16.82352975,8.108,40.31372565,P0171
151,0,0,-0.147455218,0,13.333333,0,0,P0171
152,0,0,1.184411911,0,13.333333,0,0,P0171
153,0,0,-1.857046485,1103.75,12.941176,0,19.08496667,P0171
154,0,0,-0.9711283,0,14.509804,0,0,P0171
155,0,0,0,776.5,0,0,10.08403343,P0171
156,0,0,0,742.75,10.29411825,0,29.215685,P0171
157,0,0,0.80724581,1090.75,12.941176,0,0,P0171
158,0,0,0,766.25,0,0,0,P0171
159,0,0,0,751,4.313725333,0,25.620916,P0171
160,0,0,0,351.2142857,14.03361332,0,13.15126075,P0171
161,0,0,0.021353443,0,12.941176,0,0,P0171
162,0,0,0.024727771,0,12.941176,0,0,P0171
163,0,0,0.441527631,0,12.941176,0,0,P0171
164,0,0,0.431852251,748,11.372549,2.849130435,30.605286,P0171
165,0,0,-0.237170098,0,13.333333,0,0,P0171
166,0,0,-0.163857098,0,12.941176,0,0,P0171
167,0,0,-0.276898453,0,13.333333,0,0,P0171
168,0,0,-5.50356888,1102.75,13.333333,0,0,P0171
169,0,0,-0.068353811,0,13.333333,0,0,P0171
170,0,0,1.285405636,0,12.54902,0,0,P0171
171,19.05882353,0,-0.066936305,1239.058824,13.56401406,5.140588235,33.51787741,P0171
172,0,0,-0.047765774,0,13.333333,0,0,P0171
173,0,0,-0.730749148,0,13.333333,0,0,P0171
174,0,0,-0.297441874,0,9.523809286,0,0,P0171
175,0,0,1.458287516,0,13.333333,0,0,P0171
176,0,0,-0.138822094,1093,12.941176,0,18.82352933,P0171
177,0,0,-0.018921659,0,13.071895,0,0,P0171
178,0,0,-4.579640438,737.75,11.764706,0,0,P0171
179,0,0,-0.676993519,0,13.333333,0,0,P0171
180,0,0,-0.257412106,757.125,11.764706,2.31,23.235294,P0171
181,0,0,-0.086371404,756.25,11.764706,0,23.52941133,P0171
182,0,0,-0.05429492,0,13.333333,0,0,P0171
183,0,0,-0.12933175,0,12.941176,0,0,P0171
184,0,0,-0.011608706,0,13.08123207,0,0,P0171
185,0,0,1.485442263,0,13.333333,0,0,P0171
186,24.16666667,23.08123279,0.732970491,1920.297619,42.90382814,8.613095238,36.02240876,P0171
187,0,0,-0.300569834,0,13.333333,0,0,P0171
188,0,0,-0.393818979,0,12.941176,0,0,P0171
189,0,0,-0.046576702,0,12.941176,0,0,P0171
190,0,0,0.012517899,820.5,12.54902,0,0,P0171
191,0,0,-0.07885165,0,13.333333,0,0,P0171
192,0,0,-0.326850449,0,13.333333,0,0,P0171
193,19.4,0,-0.413235094,1604.325,14.7450977,6.045,27.0196081,P0171
194,0,0,0,778.5833333,11.06753811,0,29.62962944,P0171
195,0,0,-1.841524303,0,13.333333,0,0,P0171
196,0,0,0,700,4.444444333,0,24.05228667,P0171
197,0,0,-0.554376215,0,15.686275,0,0,P0171
198,0,0,0,712.2934783,13.11167991,0,32.85592487,P0171
199,0,0,0.078236153,0,13.15315276,0,0,P0171
200,0,0,0.269838807,0,13.333333,0,0,P0171
201,0,0,0.157805964,981.5,13.725491,0,0,P0171
202,0,0,0,849.25,12.20588263,0,31.66666625,P0171
203,0,0,0.061426661,0,0,0,0,P0171
204,0,0,0.476362916,0,11.42857114,0,0,P0171
205,0,15.294118,0.002005573,830.5625,11.764706,1.741666667,22.0261435,P0171
206,0,0,-0.145657348,0,0,0,0,P0171
207,0,0,-0.272465791,0,0,0,0,P0171
208,0,0,-0.343108477,0,10.37037011,0,0,P0171
209,18.06060606,0,0.193648463,1363.507576,15.95959597,8.184242424,47.85502094,P0171
210,0,0,0.13993067,0,9.99999975,0,0,P0171
211,0,0,-0.228977512,0,0,0,0,P0171
212,0,0,-0.89915815,0,0,0,0,P0171
213,0,0,0,769.8928571,13.109244,0,35.74229714,P0171
214,0,0,-0.698197469,0,0,0,0,P0171
215,0,0,-0.225494635,1085.9,10.6666664,3.544,24.4705888,P0171
216,0,0,9.497298689,0,16.36363636,0,0,P0171
217,0,0,-1.549102565,0,0,0,0,P0171
218,0,0,0.18177938,1027.5,9.150327333,0,23.52941133,P0171
219,0,0,-1.008493736,0,9.99999975,0,0,P0171
220,0,0,-0.142112091,1001.25,0,0,30.58823667,P0171
221,0,0,0.718050852,0,0,0,0,P0171
222,0,0,-1.181663603,0,0,0,0,P0171
223,0,0,0.368412736,0,10.37037011,0,0,P0171
224,0,0,-0.517946549,0,9.99999975,0,0,P0171
225,0,0,-0.241296464,0,0,0,0,P0171
226,0,0,0.767173259,0,0,0,0,P0171
227,0,0,0.035684718,0,10.06535911,0,0,P0171
228,0,0,-0.165408004,0,9.99999975,0,0,P0171
229,0,0,-1.626625831,0,9.523809286,0,0,P0171
230,0,0,-0.288369818,0,10.88235258,0,0,P0171
231,0,0,-0.063919258,0,9.523809286,0,0,P0171
232,0,0,1.074034161,0,12.55882317,0,0,P0171
233,0,0,0.847740722,0,12.73399891,0,0,P0171
234,2.78125,0,0.217396484,477.359375,11.96078425,0,18.76225478,P0171
235,0,0,-0.041801931,0,10.91503233,0,0,P0171
236,0,0,-0.264647017,0,0,0,0,P0171
237,0,0,0.273278153,0,10.3529408,0,0,P0171
238,45.44444444,0,0.637844589,2561.453704,20.91503278,13.32481481,33.42047941,P0171
239,0,0,-0.413819637,0,11.282051,0,0,P0171
240,0,0,0.268154408,0,12.22222192,0,0,P0171
241,0,0,-0.509626308,0,0,0,0,P0171
242,0,0,-0.027004668,0,10.37037011,0,0,P0171
243,0,0,0.212155216,0,0,0,0,P0171
244,92.5,0,0,2007.5,0,12.6,19.6078435,P0171
245,0,0,0.067425545,0,0,0,0,P0171
246,0,0,0.10179385,0,0,0,0,P0171
247,0,0,0.169810893,0,5.882353286,0,0,P0171
248,0,0,-0.039927479,0,0,0,0,P0171
249,23,0,1.558058023,1196.75,9.11764725,3.12,20.5882355,P0171
250,0,0,-0.448779497,0,10.37037011,0,0,P0171
251,0,0,-0.186257622,0,10.06535911,0,0,P0171
252,0,0,-0.089184479,0,11.323529,0,0,P0171
253,0,0,-0.184766106,0,9.99999975,0,0,P0171
254,0,0,-0.266131284,0,0,0,0,P0171
255,0,0,-0.550926943,0,9.99999975,0,0,P0171
256,0,0,0.527890506,0,0,0,0,P0171
257,0,0,0.157974826,0,6.6666665,0,0,P0171
258,1,0,-0.410369478,2571.5,0,0,18.52941225,P0171
259,0,0,-0.050791197,0,0,0,0,P0171
260,0,0,-0.086935581,0,0,0,0,P0171
261,0,0,-0.477795327,0,10.37037011,0,0,P0171
262,0,0,-0.165126759,0,11.92982426,0,0,P0171
263,0,0,0.0190542,0,0,0,0,P0171
264,0,0,-1.175960743,0,9.705882,0,0,P0171
265,24.21428571,0,0.191838511,1708.392857,21.40056021,13.18428571,51.48459393,P0171
266,32,0,0.38490189,1775.375,19.94652409,12.97454545,47.70053486,P0171
267,1.157894737,0,-0.088625098,1035.855263,13.37461295,5.554210526,45.01547995,P0171
268,31.88235294,0,0.900497316,1519.147059,14.18685159,0,31.18800453,P0171
269,20.07407407,0,0.291307238,1020.12963,11.1692087,0,22.68700063,P0171
270,88.59259259,0,0.716750749,2674.694444,16.09295552,10.11037037,26.81190959,P0171
271,87.01960784,0,0.662034365,2619.421569,18.0930411,12.57313725,34.75586314,P0171
272,0,0,-0.733776817,0,0,0,0,P0171
273,0,0,0.261530778,0,5.714285571,0,0,P0171
274,0,0,-2.561938377,0,0,0,0,P0171
275,0,0,-1.547832442,0,0,0,0,P0171
276,0,0,-0.210138018,0,12.72727241,0,0,P0171
277,0,0,-0.181529797,0,12.86549675,0,0,P0171
278,0,0,-1.005726254,0,0,0,0,P0171
279,0,0,-0.680996994,0,9.523809286,0,0,P0171
280,0,0,-0.147471848,0,0,0,0,P0171
281,0,0,-0.60166248,0,11.17647021,0,0,P0171
282,0,0,0.104114037,0,11.76470548,0,0,P0171
283,0,0,-0.248382921,0,10.90909064,0,0,P0171
284,0,0,0.758948654,0,10.90909064,0,0,P0171
285,0,0,0.081802657,0,9.705882,0,0,P0171
286,0,0,-0.308301958,0,9.523809286,0,0,P0171
287,0,0,-0.227525069,0,0,0,0,P0171
288,0,0,-1.310227066,0,0,0,0,P0171
289,0,0,-0.634659161,0,4.444444333,0,0,P0171
290,0,0,0.328998038,0,0,0,0,P0171
291,0,0,-0.090655128,0,0,0,0,P0171
292,0,0,-0.815218435,0,10.37037011,0,0,P0171
293,0,0,-0.805889184,0,0,0,0,P0171
294,0,0,1.189093677,0,9.523809286,0,0,P0171
295,0,0,-0.397435602,0,10.3529408,0,0,P0171
296,0,0,-0.829767014,0,9.243697143,0,0,P0171
297,31.75,0,-2.165539429,2522.25,13.2352935,0,21.960785,P0171
298,15.61538462,0,-0.131833078,1525.548077,15.11312208,0,30.6938155,P0171
299,0,0,-0.220540481,0,12.64705844,0,0,P0171
300,0,0,1.202867462,0,11.6470584,0,0,P0171
301,0,0,0.481387522,0,13.33333325,0,0,P0171
302,0,0,0.084598539,0,0,0,0,P0171
303,0,0,0.121482866,0,0,0,0,P0171
304,0,0,-0.606833784,0,10.37037011,0,0,P0171
305,0,0,0.377935075,0,12.12121182,0,0,P0171
306,0,0,-2.341054527,0,10.30303005,0,0,P0171
307,0,0,-0.23164097,0,0,0,0,P0171
308,0,0,-0.203335623,0,0,0,0,P0171
309,0,0,-0.05468994,0,0,0,0,P0171
310,0,0,-0.629887856,0,10.37037011,0,0,P0171
311,16.61111111,19.82570856,0.034175002,1234.930556,12.00435739,2.627222222,22.374728,P0171
312,0,0,0.766187397,0,0,0,0,P0171
313,0,15.294118,-0.016500641,843,11.22171969,2.056153846,26.06334831,P0171
314,0,0,0.852804989,0,11.11111083,0,0,P0171
315,0,0,-0.719753042,802.75,11.4705885,0,23.235294,P0171
316,0,0,0.179174782,0,0,0,0,P0171
317,0,0,0.900163198,0,9.99999975,0,0,P0171
318,0,0,-0.176091637,0,0,0,0,P0171
319,14.08333333,23.137255,-0.021659777,1042,11.50326833,0,32.71241875,P0171
320,0,0,-2.117875747,0,0,0,0,P0171
321,0,0,-0.187062583,0,0,0,0,P0171
322,0,0,-0.025907509,0,10.37037011,0,0,P0171
323,0,23.529411,0.004352716,1673.25,0,0,16.2352935,P0171
324,0,0,-0.070717767,0,0,0,0,P0171
325,0,0,0.169734469,0,9.523809286,0,0,P0171
326,0,0,-0.188805743,0,9.99999975,0,0,P0171
327,0,0,-0.168769326,0,9.99999975,0,0,P0171
328,0,0,-0.088932203,0,9.523809286,0,0,P0171
329,0,0,-0.603189769,0,9.99999975,0,0,P0171
330,0,0,-0.24863652,0,0,0,0,P0171
331,0,0,-1.4289689,0,0,0,0,P0171
332,0,0,0.279258715,0,10.90909064,0,0,P0171
333,0,0,-0.02994735,0,14.64052333,0,0,P0171
334,0,15.294118,-1.21246839,837,11.14379108,1.858333333,21.56862675,P0171
335,0,0,0.139861086,0,10.90909064,0,0,P0171
336,0,0,-0.114443917,0,12.26666636,0,0,P0171
337,0,0,0.389788709,0,9.523809286,0,0,P0171
338,0,0,-0.407532668,0,0,0,0,P0171
339,0,0,0.60137297,0,0,0,0,P0171
340,0,0,0.022839275,0,0,0,0,P0171
341,0,0,1.084026241,0,10.37037011,0,0,P0171
342,0,0,-0.083850249,0,0,0,0,P0171
343,0,0,-1.737244189,0,0,0,0,P0171
344,0,0,0,854.5,12.09150333,0,34.313725,P0171
345,0,0,-2.980159586,0,0,0,0,P0171
346,0,0,0,1079.75,12.8627456,0,38.9019624,P0171
347,0,0,0,857.3636364,12.54901973,0,36.43493673,P0171
348,0,0,0.740712643,0,12.06349176,0,0,P0171
349,0,0,1.669261052,0,12.38095207,0,0,P0171
350,0,0,0.574571449,747.25,8.366013333,0,19.60784267,P0171
351,0,0,-0.135226383,0,12.24913453,0,0,P0171
352,0,0,0.349953596,0,9.99999975,0,0,P0171
353,0,0,0.319986274,0,0,0,0,P0171
354,0,0,-0.369317243,0,0,0,0,P0171
355,0,0,-0.318438559,0,11.31652629,0,0,P0171
356,0,0,-1.121613581,0,0,0,0,P0171
357,0,0,-0.061064388,0,11.3445375,0,0,P0171
358,0,0,-0.123672486,0,0,0,0,P0171
359,0,0,1.628484858,0,0,0,0,P0171
360,0,0,0.198913623,0,12.3456787,0,0,P0171
361,0,0,-0.124235492,0,0,0,0,P0171
362,0,0,0.779756459,0,11.11111083,0,0,P0171
363,0,0,0.236301166,0,0,0,0,P0171
364,0,0,0.507361736,0,0,0,0,P0171
365,0,0,0.691442251,0,6.222222067,0,0,P0171
366,0,0,-1.537904782,0,0,0,0,P0171
367,0,0,-0.848688623,0,5.128205,0,0,P0171
368,0,0,-0.036914197,0,9.523809286,0,0,P0171
369,0,0,-1.350624597,732.45,10.039216,2.202,31.764704,P0171
370,0,0,-0.101504263,0,0,0,0,P0171
371,0,0,0.164887176,0,0,0,0,P0171
372,0,0,-0.156572949,0,0,0,0,P0171
373,0,0,-0.209038777,0,10.06535911,0,0,P0171
374,0,0,-1.101304508,0,9.99999975,0,0,P0171
375,0,0,0.361575264,0,9.99999975,0,0,P0171
376,0,0,0,787.2857143,12.43697486,0,23.30532171,P0171
379,0,0,-0.557353286,0,0,0,0,P0171
380,0,0,0.125952043,0,9.523809286,0,0,P0171
381,0,0,0.300696578,0,10.78431333,0,0,P0171
382,0,0,0.462960728,0,10.6666664,0,0,P0171
383,0,0,0.11320586,0,24.50046676,0,0,P0171
384,0,0,-0.020121168,0,11.59041356,0,0,P0171
385,0,0,-0.102006118,0,11.60322918,0,0,P0171
386,0,0,-0.725145844,0,7.7647056,0,0,P0171
387,0,0,-0.012248682,0,12.55702241,0,0,P0171
388,0,0,-0.074727911,0,10.37037011,0,0,P0171
389,0,0,0.010533026,0,0,0,0,P0171
390,0,0,0.631518079,0,9.99999975,0,0,P0171
391,0,0,0.539237601,0,0,0,0,P0171
392,0,0,-0.148243277,0,7.9999998,0,0,P0171
393,0,0,0.515839629,0,0,0,0,P0171
394,0,0,-0.545274504,0,11.67755956,0,0,P0171
395,0,0,-0.651051929,0,8.888888667,0,0,P0171
396,0,0,0.02767576,0,0,0,0,P0171
397,0,0,0.060854456,0,7.9999998,0,0,P0171
398,0,0,0.177931309,0,7.9999998,0,0,P0171
399,0,0,1.160165029,0,9.99999975,0,0,P0171
400,0,0,-0.074578182,0,9.411765,0,0,P0171
401,0,0,-0.662469067,0,6.470588,0,0,P0171
402,0,0,-1.222302298,0,12,0,0,P0171
403,0,0,0.097666733,0,0,0,0,P0171
404,0,0,0.037920174,0,8.627450667,0,0,P0171
405,0,0,0.598217828,0,8.627450667,0,0,P0171
406,0,0,-0.173433363,0,10.37037011,0,0,P0171
407,0,0,-0.259850848,0,7.7647056,0,0,P0171
408,0,0,0.399147087,0,7.9999998,0,0,P0171
409,0,0,0.024426672,0,7.9999998,0,0,P0171
410,0,0,0.278445164,0,10.37037011,0,0,P0171
411,0,0,-0.023856792,0,11.71856947,0,0,P0171
412,0,0,0.084756276,0,9.243697143,0,0,P0171
413,0,0,0.458547141,0,9.523809286,0,0,P0171
414,0,0,0.275735369,0,6.470588,0,0,P0171
415,0,0,-1.173519711,0,8.888888667,0,0,P0171
416,0,0,0.577259488,0,10.95022585,0,0,P0171
417,0,0,-0.463669729,0,0,0,0,P0171
418,0,0,0.093910784,0,11.72905564,0,0,P0171
419,0,0,-0.386066016,0,8.627450667,0,0,P0171
420,0,0,-0.07751088,0,0,0,0,P0171
421,0,0,-1.394574501,0,7.7647056,0,0,P0171
422,0,0,-1.027929553,0,15.46218429,0,0,P0171
423,0,0,-0.81909733,0,8.888888667,0,0,P0171
424,0,0,-0.615392528,0,11.10105546,0,0,P0171
425,0,0,0.135803461,0,8.888888667,0,0,P0171
426,0,0,2.555012969,0,0,0,0,P0171
427,0,0,-0.874139982,0,0,0,0,P0171
428,26.14285714,0,-0.921227958,1899,11.76470643,0,20.16806657,P0171
429,23.11111111,0,-0.361509315,1777.333333,13.79085022,0,19.21568617,P0171
430,0,0,0.33349753,0,7.7647056,0,0,P0171
431,0,0,1.042134109,0,12.58549895,0,0,P0171
432,0,0,0.745111213,0,15.46218429,0,16.80672257,P0171
433,64,0,0.01303021,2522,10.98039267,0,18.30065417,P0171
434,24.69230769,0,-7.469855671,1199.384615,19.06485677,0,48.35595831,P0171
435,0,0,0.140474686,0,9.705882,0,0,P0171
436,7.705882353,0,-5.496459169,1356.235294,15.80161453,0,43.22952682,P0171
437,12.67647059,0,-2.720506237,1348.735294,16.34371368,0,40.74971141,P0171
438,64,0,-0.040008458,2477,16.6274504,0,32,P0171
439,0,0,-0.174958571,0,8.627450667,0,0,P0171
440,0,0,-0.692895191,0,16.03485778,0,21.263616,P0171
441,0,0,-0.498246799,0,15.03267917,0,18.62745167,P0171
442,0,0,0.269100563,0,0,0,0,P0171
443,66.875,0,1.144966539,2074.875,13.72549062,0,17.54901925,P0171
444,1.333333333,0,-1.665657735,790.9166667,12.32026142,0,29.73856225,P0171
445,67.42857143,0,-0.243742155,2638,13.16526571,0,21.51260571,P0171
446,0,0,-2.084134916,1202.555556,0,0,35.55555556,P0171
447,0,0,-3.595639817,0,6.470588,0,0,P0171
448,24.4,0,0.075786255,1793,11.921568,0,16.6274504,P0171
449,73.57142857,0,-0.018707859,2297.285714,12.77310857,0,15.12604971,P0171
450,0,0,0.159582441,0,12.00746933,0,0,P0171
451,0,0,-0.356334963,0,14.1176466,0,0,P0171
452,20,0,-2.251524666,1445.666667,17.93464113,0,48.1307184,P0171
453,0,0,-0.280559165,0,11.45098007,0,0,P0171
454,0,0,-0.103518882,0,22.74509667,0,0,P0171
455,0,0,0.304268111,0,9.243697143,0,0,P0171
456,0,0,-0.348122963,0,9.243697143,0,0,P0171
457,0,0,0.64268042,0,7.9999998,0,0,P0171
458,0,0,-0.688996438,0,0,0,0,P0171
459,0,0,-0.356609142,0,7.9999998,0,0,P0171
460,0,0,-1.491288454,0,16.52661071,0,0,P0171
461,0,0,-0.03342123,0,7.9999998,0,0,P0171
462,0,0,-1.340917565,0,13.59477133,0,0,P0171
